n_dofs,t_final,L1_error,L2_error,Linf_error,precision,refinement,subdivisions_x
1089,2.0000000000000000e+00,9.4928859015817983e-03,1.9157395883605304e-02,6.7658034476023157e-02,float,0,32
4225,2.0000000000000000e+00,2.0255711843458011e-03,3.9829897224257600e-03,1.9701175845826872e-02,float,0,64
16641,2.0000000000000000e+00,5.9880590251820513e-04,9.9212463348713692e-04,3.7020254557006810e-03,float,0,128
66049,2.0000000000000000e+00,1.2198441272268550e-04,1.9339259023188216e-04,9.2221429473218449e-04,float,0,256
